[{"_allAttributes":null,"_properties":null,"_methods":null,"file":"c:/Users/imran/OneDrive/Desktop/projetDA/JassProject/force-app/main/default/lwc/auxiliareStatic/auxiliareStatic.js","metadata":{"decorators":[{"type":"api","targets":[{"type":"property","name":"recordId","value":{"type":"unresolved"}}]},{"type":"wire","targets":[{"name":"auxMetadata","adapter":{"name":"getObjectInfo","reference":"lightning/uiObjectInfoApi"},"type":"property","static":{"objectApiName":{"value":"@salesforce/schema/Auxiliaire__c","type":"module"}},"params":{}},{"name":"villeAux","adapter":{"name":"getPicklistValues","reference":"lightning/uiObjectInfoApi"},"type":"property","static":{"fieldApiName":{"value":"@salesforce/schema/Auxiliaire__c.Ville__c","type":"module"}},"params":{"recordTypeId":"auxMetadata.data.defaultRecordTypeId"}},{"name":"typeExpertAux","adapter":{"name":"getPicklistValues","reference":"lightning/uiObjectInfoApi"},"type":"property","static":{"fieldApiName":{"value":"@salesforce/schema/Auxiliaire__c.TypeExpert__c","type":"module"}},"params":{"recordTypeId":"auxMetadata.data.defaultRecordTypeId"}}]},{"type":"track","targets":[{"name":"auxRecord","type":"property"},{"name":"allRecord","type":"property"},{"name":"datahere","type":"property"},{"name":"preselectedIds","type":"property"}]}],"declarationLoc":{"start":{"line":12,"column":0},"end":{"line":144,"column":1}},"classMembers":[{"type":"property","name":"value","loc":{"start":{"line":13,"column":4},"end":{"line":13,"column":14}}},{"type":"property","name":"value2","loc":{"start":{"line":14,"column":4},"end":{"line":14,"column":16}}},{"type":"property","name":"valueType","loc":{"start":{"line":15,"column":4},"end":{"line":15,"column":19}}},{"type":"property","name":"auxRecord","loc":{"start":{"line":16,"column":4},"end":{"line":16,"column":24}},"decorator":"track"},{"type":"property","name":"allRecord","loc":{"start":{"line":17,"column":4},"end":{"line":17,"column":21}},"decorator":"track"},{"type":"property","name":"recordId","loc":{"start":{"line":18,"column":4},"end":{"line":18,"column":18}},"decorator":"api","value":{"type":"unresolved"}},{"type":"property","name":"searchValue","loc":{"start":{"line":20,"column":4},"end":{"line":20,"column":21}}},{"type":"property","name":"columns","loc":{"start":{"line":22,"column":4},"end":{"line":27,"column":6}}},{"type":"property","name":"type","loc":{"start":{"line":28,"column":4},"end":{"line":28,"column":14}}},{"type":"property","name":"typeExpert","loc":{"start":{"line":29,"column":4},"end":{"line":29,"column":21}}},{"type":"property","name":"options","loc":{"start":{"line":30,"column":4},"end":{"line":36,"column":5}}},{"type":"property","name":"auxMetadata","loc":{"start":{"line":40,"column":4},"end":{"line":41,"column":16}},"decorator":"wire"},{"type":"property","name":"villeAux","loc":{"start":{"line":43,"column":4},"end":{"line":44,"column":13}},"decorator":"wire"},{"type":"property","name":"typeExpertAux","loc":{"start":{"line":46,"column":4},"end":{"line":47,"column":18}},"decorator":"wire"},{"type":"method","name":"handleChange","loc":{"start":{"line":49,"column":4},"end":{"line":51,"column":5}}},{"type":"method","name":"handleChangeType","loc":{"start":{"line":52,"column":4},"end":{"line":63,"column":5}}},{"type":"method","name":"handleChange2","loc":{"start":{"line":64,"column":4},"end":{"line":67,"column":5}}},{"type":"method","name":"searchKeyword","loc":{"start":{"line":71,"column":4},"end":{"line":73,"column":5}}},{"type":"method","name":"searchValueKey","loc":{"start":{"line":75,"column":4},"end":{"line":78,"column":5}}},{"type":"method","name":"searchValue2Key","loc":{"start":{"line":80,"column":4},"end":{"line":84,"column":5}}},{"type":"property","name":"datahere","loc":{"start":{"line":87,"column":4},"end":{"line":87,"column":25}},"decorator":"track"},{"type":"method","name":"handleSearchKeyword","loc":{"start":{"line":89,"column":4},"end":{"line":121,"column":5}}},{"type":"property","name":"preselectedIds","loc":{"start":{"line":124,"column":4},"end":{"line":124,"column":31}},"decorator":"track"},{"type":"method","name":"getSelectedAux","loc":{"start":{"line":125,"column":0},"end":{"line":143,"column":1}}}],"exports":[{"type":"ExportDefaultDeclaration"}]},"updatedAt":"2021-08-05T16:25:53.698Z"},{"_allAttributes":null,"_properties":null,"_methods":null,"file":"c:/Users/imran/OneDrive/Desktop/projetDA/JassProject/force-app/main/default/lwc/fieldset/fieldset.js","metadata":{"decorators":[{"type":"api","targets":[{"type":"property","name":"showTitle","value":{"type":"unresolved"}},{"type":"property","name":"strTitle","value":{"type":"unresolved"}},{"type":"property","name":"iconName","value":{"type":"unresolved"}},{"type":"property","name":"columnsLarge","value":{"type":"unresolved"}},{"type":"property","name":"columnsMedium","value":{"type":"unresolved"}},{"type":"property","name":"columnsSmall","value":{"type":"unresolved"}},{"type":"property","name":"fieldSetName","value":{"type":"unresolved"}},{"type":"property","name":"isEditable","value":{"type":"unresolved"}},{"type":"property","name":"alwaysEditing","value":{"type":"unresolved"}},{"type":"property","name":"saveMessageTitle","value":{"type":"unresolved"}},{"type":"property","name":"saveMessage","value":{"type":"unresolved"}},{"type":"property","name":"recordId","value":{"type":"unresolved"}},{"type":"property","name":"recordTypeId","value":{"type":"unresolved"}}]},{"type":"wire","targets":[{"name":"wiredFieldSetMetadata","adapter":{"name":"getFieldSetMetadata","reference":"@salesforce/apex/FieldssetController.getFieldSetMetadata"},"type":"method","static":{},"params":{"recordId":"recordId","fieldSetName":"fieldSetName"}}]},{"type":"track","targets":[{"name":"sObjectName","type":"property"},{"name":"recordFields","type":"property"},{"name":"metadataError","type":"property"},{"name":"isLoading","type":"property"},{"name":"isEditing","type":"property"},{"name":"hasChanged","type":"property"},{"name":"isSaving","type":"property"},{"name":"layoutSizeLarge","type":"property"},{"name":"layoutSizeMedium","type":"property"},{"name":"layoutSizeSmall","type":"property"}]}],"declarationLoc":{"start":{"line":20,"column":0},"end":{"line":187,"column":1}},"classMembers":[{"type":"property","name":"showTitle","loc":{"start":{"line":23,"column":4},"end":{"line":23,"column":19}},"decorator":"api","value":{"type":"unresolved"}},{"type":"property","name":"strTitle","loc":{"start":{"line":24,"column":4},"end":{"line":24,"column":18}},"decorator":"api","value":{"type":"unresolved"}},{"type":"property","name":"iconName","loc":{"start":{"line":25,"column":4},"end":{"line":25,"column":18}},"decorator":"api","value":{"type":"unresolved"}},{"type":"property","name":"columnsLarge","loc":{"start":{"line":26,"column":4},"end":{"line":26,"column":22}},"decorator":"api","value":{"type":"unresolved"}},{"type":"property","name":"columnsMedium","loc":{"start":{"line":27,"column":4},"end":{"line":27,"column":23}},"decorator":"api","value":{"type":"unresolved"}},{"type":"property","name":"columnsSmall","loc":{"start":{"line":28,"column":4},"end":{"line":28,"column":22}},"decorator":"api","value":{"type":"unresolved"}},{"type":"property","name":"fieldSetName","loc":{"start":{"line":29,"column":4},"end":{"line":29,"column":22}},"decorator":"api","value":{"type":"unresolved"}},{"type":"property","name":"isEditable","loc":{"start":{"line":30,"column":4},"end":{"line":30,"column":20}},"decorator":"api","value":{"type":"unresolved"}},{"type":"property","name":"alwaysEditing","loc":{"start":{"line":31,"column":4},"end":{"line":31,"column":23}},"decorator":"api","value":{"type":"unresolved"}},{"type":"property","name":"saveMessageTitle","loc":{"start":{"line":32,"column":4},"end":{"line":32,"column":26}},"decorator":"api","value":{"type":"unresolved"}},{"type":"property","name":"saveMessage","loc":{"start":{"line":33,"column":4},"end":{"line":33,"column":21}},"decorator":"api","value":{"type":"unresolved"}},{"type":"property","name":"recordId","loc":{"start":{"line":34,"column":4},"end":{"line":34,"column":18}},"decorator":"api","value":{"type":"unresolved"}},{"type":"property","name":"recordTypeId","loc":{"start":{"line":35,"column":4},"end":{"line":35,"column":22}},"decorator":"api","value":{"type":"unresolved"}},{"type":"property","name":"sObjectName","loc":{"start":{"line":38,"column":4},"end":{"line":38,"column":23}},"decorator":"track"},{"type":"property","name":"recordFields","loc":{"start":{"line":39,"column":4},"end":{"line":39,"column":29}},"decorator":"track"},{"type":"property","name":"metadataError","loc":{"start":{"line":40,"column":4},"end":{"line":40,"column":25}},"decorator":"track"},{"type":"property","name":"isLoading","loc":{"start":{"line":43,"column":4},"end":{"line":43,"column":28}},"decorator":"track"},{"type":"property","name":"isEditing","loc":{"start":{"line":44,"column":4},"end":{"line":44,"column":29}},"decorator":"track"},{"type":"property","name":"hasChanged","loc":{"start":{"line":45,"column":4},"end":{"line":45,"column":30}},"decorator":"track"},{"type":"property","name":"isSaving","loc":{"start":{"line":46,"column":4},"end":{"line":46,"column":28}},"decorator":"track"},{"type":"property","name":"layoutSizeLarge","loc":{"start":{"line":47,"column":4},"end":{"line":47,"column":27}},"decorator":"track"},{"type":"property","name":"layoutSizeMedium","loc":{"start":{"line":48,"column":4},"end":{"line":48,"column":28}},"decorator":"track"},{"type":"property","name":"layoutSizeSmall","loc":{"start":{"line":49,"column":4},"end":{"line":49,"column":27}},"decorator":"track"},{"type":"method","name":"connectedCallback","loc":{"start":{"line":52,"column":4},"end":{"line":59,"column":5}}},{"type":"method","name":"wiredFieldSetMetadata","loc":{"start":{"line":62,"column":4},"end":{"line":109,"column":5}},"decorator":"wire"},{"type":"property","name":"cardTitle","loc":{"start":{"line":112,"column":4},"end":{"line":114,"column":5}}},{"type":"property","name":"showSpinner","loc":{"start":{"line":117,"column":4},"end":{"line":119,"column":5}}},{"type":"property","name":"showForm","loc":{"start":{"line":122,"column":4},"end":{"line":124,"column":5}}},{"type":"property","name":"editLabel","loc":{"start":{"line":127,"column":4},"end":{"line":129,"column":5}}},{"type":"property","name":"canEdit","loc":{"start":{"line":132,"column":4},"end":{"line":134,"column":5}}},{"type":"property","name":"canSave","loc":{"start":{"line":137,"column":4},"end":{"line":139,"column":5}}},{"type":"method","name":"showToastEvent","loc":{"start":{"line":142,"column":4},"end":{"line":149,"column":5}}},{"type":"method","name":"toggleEdit","loc":{"start":{"line":152,"column":4},"end":{"line":157,"column":5}}},{"type":"method","name":"setHasChanged","loc":{"start":{"line":160,"column":4},"end":{"line":162,"column":5}}},{"type":"method","name":"handleFormSubmit","loc":{"start":{"line":165,"column":4},"end":{"line":168,"column":5}}},{"type":"method","name":"handleFormSuccess","loc":{"start":{"line":171,"column":4},"end":{"line":180,"column":5}}},{"type":"method","name":"handleFormError","loc":{"start":{"line":183,"column":4},"end":{"line":186,"column":5}}}],"exports":[{"type":"ExportDefaultDeclaration"}]},"updatedAt":"2021-08-05T14:55:42.810Z"},{"_allAttributes":null,"_properties":null,"_methods":null,"file":"c:/Users/imran/OneDrive/Desktop/projetDA/JassProject/force-app/main/default/lwc/lWC001_JugementPenal/lWC001_JugementPenal.js","metadata":{"decorators":[{"type":"api","targets":[{"type":"property","name":"recordId","value":{"type":"unresolved"}}]},{"type":"track","targets":[{"name":"data","type":"property"}]}],"declarationLoc":{"start":{"line":10,"column":0},"end":{"line":27,"column":1}},"classMembers":[{"type":"property","name":"recordId","loc":{"start":{"line":11,"column":2},"end":{"line":11,"column":16}},"decorator":"api","value":{"type":"unresolved"}},{"type":"property","name":"data","loc":{"start":{"line":12,"column":2},"end":{"line":12,"column":19}},"decorator":"track"},{"type":"property","name":"columns","loc":{"start":{"line":13,"column":2},"end":{"line":13,"column":20}}},{"type":"method","name":"getData","loc":{"start":{"line":14,"column":2},"end":{"line":22,"column":3}}},{"type":"method","name":"connectedCallback","loc":{"start":{"line":24,"column":2},"end":{"line":26,"column":3}}}],"exports":[{"type":"ExportDefaultDeclaration"}]},"updatedAt":"2021-08-05T14:55:42.775Z"},{"_allAttributes":null,"_properties":null,"_methods":null,"file":"c:/Users/imran/OneDrive/Desktop/projetDA/JassProject/force-app/main/default/lwc/lWC002_JugementCivil/lWC002_JugementCivil.js","metadata":{"decorators":[{"type":"api","targets":[{"type":"property","name":"recordId","value":{"type":"unresolved"}}]},{"type":"track","targets":[{"name":"data","type":"property"}]}],"declarationLoc":{"start":{"line":10,"column":0},"end":{"line":27,"column":1}},"classMembers":[{"type":"property","name":"recordId","loc":{"start":{"line":11,"column":2},"end":{"line":11,"column":16}},"decorator":"api","value":{"type":"unresolved"}},{"type":"property","name":"data","loc":{"start":{"line":12,"column":2},"end":{"line":12,"column":19}},"decorator":"track"},{"type":"property","name":"columns","loc":{"start":{"line":13,"column":2},"end":{"line":13,"column":20}}},{"type":"method","name":"getData","loc":{"start":{"line":14,"column":2},"end":{"line":22,"column":3}}},{"type":"method","name":"connectedCallback","loc":{"start":{"line":24,"column":2},"end":{"line":26,"column":3}}}],"exports":[{"type":"ExportDefaultDeclaration"}]},"updatedAt":"2021-08-05T14:55:42.756Z"},{"_allAttributes":null,"_properties":null,"_methods":null,"file":"c:/Users/imran/OneDrive/Desktop/projetDA/JassProject/force-app/main/default/lwc/lWC003_AuxiliaireAvocat/lWC003_AuxiliaireAvocat.js","metadata":{"decorators":[{"type":"api","targets":[{"type":"property","name":"recordId","value":{"type":"unresolved"}}]},{"type":"track","targets":[{"name":"Avocat","type":"property"},{"name":"openModal","type":"property"}]}],"declarationLoc":{"start":{"line":5,"column":0},"end":{"line":39,"column":1}},"classMembers":[{"type":"property","name":"Avocat","loc":{"start":{"line":7,"column":2},"end":{"line":7,"column":21}},"decorator":"track"},{"type":"property","name":"recordId","loc":{"start":{"line":8,"column":2},"end":{"line":8,"column":16}},"decorator":"api","value":{"type":"unresolved"}},{"type":"property","name":"openModal","loc":{"start":{"line":9,"column":2},"end":{"line":9,"column":27}},"decorator":"track"},{"type":"method","name":"getData","loc":{"start":{"line":11,"column":2},"end":{"line":18,"column":3}}},{"type":"method","name":"AffecterAux","loc":{"start":{"line":20,"column":2},"end":{"line":30,"column":3}}},{"type":"method","name":"closeModal","loc":{"start":{"line":32,"column":2},"end":{"line":34,"column":3}}},{"type":"method","name":"connectedCallback","loc":{"start":{"line":36,"column":2},"end":{"line":38,"column":3}}}],"exports":[{"type":"ExportDefaultDeclaration"}]},"updatedAt":"2021-08-05T14:55:42.761Z"},{"_allAttributes":null,"_properties":null,"_methods":null,"file":"c:/Users/imran/OneDrive/Desktop/projetDA/JassProject/force-app/main/default/lwc/lWC004_AuxiliaireExpert/lWC004_AuxiliaireExpert.js","metadata":{"decorators":[{"type":"api","targets":[{"type":"property","name":"recordId","value":{"type":"unresolved"}}]},{"type":"track","targets":[{"name":"Expert","type":"property"},{"name":"openModal","type":"property"}]}],"declarationLoc":{"start":{"line":6,"column":0},"end":{"line":40,"column":1}},"classMembers":[{"type":"property","name":"Expert","loc":{"start":{"line":8,"column":2},"end":{"line":8,"column":21}},"decorator":"track"},{"type":"property","name":"recordId","loc":{"start":{"line":9,"column":2},"end":{"line":9,"column":16}},"decorator":"api","value":{"type":"unresolved"}},{"type":"property","name":"openModal","loc":{"start":{"line":10,"column":2},"end":{"line":10,"column":27}},"decorator":"track"},{"type":"method","name":"getData","loc":{"start":{"line":12,"column":2},"end":{"line":19,"column":3}}},{"type":"method","name":"closeModal","loc":{"start":{"line":21,"column":2},"end":{"line":23,"column":3}}},{"type":"method","name":"AffecterAux","loc":{"start":{"line":25,"column":2},"end":{"line":35,"column":3}}},{"type":"method","name":"connectedCallback","loc":{"start":{"line":37,"column":2},"end":{"line":39,"column":3}}}],"exports":[{"type":"ExportDefaultDeclaration"}]},"updatedAt":"2021-08-05T14:55:42.745Z"},{"_allAttributes":null,"_properties":null,"_methods":null,"file":"c:/Users/imran/OneDrive/Desktop/projetDA/JassProject/force-app/main/default/lwc/lWC005_MissionAvocat/lWC005_MissionAvocat.js","metadata":{"decorators":[{"type":"api","targets":[{"type":"property","name":"recordId","value":{"type":"unresolved"}}]},{"type":"track","targets":[{"name":"MissionAvocat","type":"property"}]}],"declarationLoc":{"start":{"line":5,"column":0},"end":{"line":22,"column":1}},"classMembers":[{"type":"property","name":"recordId","loc":{"start":{"line":6,"column":2},"end":{"line":6,"column":16}},"decorator":"api","value":{"type":"unresolved"}},{"type":"property","name":"MissionAvocat","loc":{"start":{"line":7,"column":2},"end":{"line":7,"column":28}},"decorator":"track"},{"type":"method","name":"getData","loc":{"start":{"line":9,"column":2},"end":{"line":17,"column":3}}},{"type":"method","name":"connectedCallback","loc":{"start":{"line":19,"column":2},"end":{"line":21,"column":3}}}],"exports":[{"type":"ExportDefaultDeclaration"}]},"updatedAt":"2021-08-05T14:55:42.751Z"},{"_allAttributes":null,"_properties":null,"_methods":null,"file":"c:/Users/imran/OneDrive/Desktop/projetDA/JassProject/force-app/main/default/lwc/lWC006_MissionExpert/lWC006_MissionExpert.js","metadata":{"decorators":[{"type":"api","targets":[{"type":"property","name":"recordId","value":{"type":"unresolved"}}]},{"type":"track","targets":[{"name":"MissionExpert","type":"property"}]}],"declarationLoc":{"start":{"line":4,"column":0},"end":{"line":21,"column":1}},"classMembers":[{"type":"property","name":"recordId","loc":{"start":{"line":5,"column":2},"end":{"line":5,"column":16}},"decorator":"api","value":{"type":"unresolved"}},{"type":"property","name":"MissionExpert","loc":{"start":{"line":6,"column":2},"end":{"line":6,"column":28}},"decorator":"track"},{"type":"method","name":"getData","loc":{"start":{"line":8,"column":2},"end":{"line":16,"column":3}}},{"type":"method","name":"connectedCallback","loc":{"start":{"line":18,"column":2},"end":{"line":20,"column":3}}}],"exports":[{"type":"ExportDefaultDeclaration"}]},"updatedAt":"2021-08-05T14:55:42.769Z"},{"_allAttributes":null,"_properties":null,"_methods":null,"file":"c:/Users/imran/OneDrive/Desktop/projetDA/JassProject/force-app/main/default/lwc/lWC007_DossierInterne/lWC007_DossierInterne.js","metadata":{"decorators":[{"type":"api","targets":[{"type":"property","name":"recordId","value":{"type":"unresolved"}}]},{"type":"track","targets":[{"name":"data","type":"property"},{"name":"dossierI","type":"property"},{"name":"recordDossType","type":"property"}]}],"declarationLoc":{"start":{"line":22,"column":0},"end":{"line":90,"column":1}},"classMembers":[{"type":"property","name":"recordId","loc":{"start":{"line":23,"column":2},"end":{"line":23,"column":16}},"decorator":"api","value":{"type":"unresolved"}},{"type":"property","name":"data","loc":{"start":{"line":24,"column":2},"end":{"line":24,"column":19}},"decorator":"track"},{"type":"property","name":"columns","loc":{"start":{"line":25,"column":2},"end":{"line":25,"column":20}}},{"type":"property","name":"dossierI","loc":{"start":{"line":26,"column":2},"end":{"line":26,"column":23}},"decorator":"track"},{"type":"property","name":"recordDossType","loc":{"start":{"line":27,"column":2},"end":{"line":27,"column":29}},"decorator":"track"},{"type":"method","name":"getData","loc":{"start":{"line":29,"column":2},"end":{"line":50,"column":3}}},{"type":"method","name":"AffecterDI","loc":{"start":{"line":52,"column":2},"end":{"line":67,"column":3}}},{"type":"method","name":"AffecterDI2","loc":{"start":{"line":69,"column":2},"end":{"line":81,"column":3}}},{"type":"method","name":"connectedCallback","loc":{"start":{"line":84,"column":2},"end":{"line":86,"column":3}}},{"type":"method","name":"renderedCallback","loc":{"start":{"line":87,"column":2},"end":{"line":89,"column":3}}}],"exports":[{"type":"ExportDefaultDeclaration"}]},"updatedAt":"2021-08-05T14:55:42.799Z"},{"_allAttributes":null,"_properties":null,"_methods":null,"file":"c:/Users/imran/OneDrive/Desktop/projetDA/JassProject/force-app/main/default/lwc/lWC008_VictimeSinistre/lWC008_VictimeSinistre.js","metadata":{"decorators":[{"type":"api","targets":[{"type":"property","name":"recordId","value":{"type":"unresolved"}}]},{"type":"track","targets":[{"name":"VictimeS","type":"property"},{"name":"dossierInterId","type":"property"}]}],"declarationLoc":{"start":{"line":6,"column":0},"end":{"line":72,"column":1}},"classMembers":[{"type":"property","name":"recordId","loc":{"start":{"line":8,"column":2},"end":{"line":8,"column":16}},"decorator":"api","value":{"type":"unresolved"}},{"type":"property","name":"VictimeS","loc":{"start":{"line":9,"column":2},"end":{"line":9,"column":23}},"decorator":"track"},{"type":"property","name":"dossierInterId","loc":{"start":{"line":10,"column":2},"end":{"line":10,"column":24}},"decorator":"track"},{"type":"method","name":"getData","loc":{"start":{"line":13,"column":2},"end":{"line":20,"column":3}}},{"type":"method","name":"getData1","loc":{"start":{"line":22,"column":2},"end":{"line":29,"column":3}}},{"type":"method","name":"AffecterVS","loc":{"start":{"line":31,"column":2},"end":{"line":44,"column":3}}},{"type":"method","name":"RetirerVS","loc":{"start":{"line":46,"column":2},"end":{"line":60,"column":3}}},{"type":"method","name":"connectedCallback","loc":{"start":{"line":62,"column":2},"end":{"line":65,"column":3}}}],"exports":[{"type":"ExportDefaultDeclaration"}]},"updatedAt":"2021-08-05T14:55:42.793Z"},{"_allAttributes":null,"_properties":null,"_methods":null,"file":"c:/Users/imran/OneDrive/Desktop/projetDA/JassProject/force-app/main/default/lwc/lWC009_Auxiliare/lWC009_Auxiliare.js","metadata":{"decorators":[{"type":"api","targets":[{"type":"property","name":"fieldSetName","value":{"type":"unresolved"}},{"type":"property","name":"objectApiName","value":{"type":"unresolved"}}]},{"type":"wire","targets":[{"name":"wiredFieldsToFetchFieldSet","adapter":{"name":"getFieldSetMember","reference":"@salesforce/apex/FieldSetController.getFieldSetMember"},"type":"method","static":{},"params":{"objectName":"objectApiName","fieldSetName":"fieldSetName"}}]}],"declarationLoc":{"start":{"line":4,"column":0},"end":{"line":32,"column":1}},"classMembers":[{"type":"property","name":"fields","loc":{"start":{"line":6,"column":4},"end":{"line":6,"column":14}}},{"type":"property","name":"v","loc":{"start":{"line":7,"column":4},"end":{"line":7,"column":11}}},{"type":"property","name":"fieldSetName","loc":{"start":{"line":8,"column":4},"end":{"line":8,"column":22}},"decorator":"api","value":{"type":"unresolved"}},{"type":"property","name":"objectApiName","loc":{"start":{"line":9,"column":4},"end":{"line":9,"column":23}},"decorator":"api","value":{"type":"unresolved"}},{"type":"method","name":"wiredFieldsToFetchFieldSet","loc":{"start":{"line":11,"column":4},"end":{"line":31,"column":5}},"decorator":"wire"}],"exports":[{"type":"ExportDefaultDeclaration"}]},"updatedAt":"2021-08-05T14:55:42.785Z"},{"_allAttributes":null,"_properties":null,"_methods":null,"file":"c:/Users/imran/OneDrive/Desktop/projetDA/JassProject/force-app/main/default/lwc/lWC009_AuxiliareV2/lWC009_AuxiliareV2.js","metadata":{"decorators":[{"type":"api","targets":[{"type":"property","name":"fieldSetName","value":{"type":"unresolved"}},{"type":"property","name":"objectApiName","value":{"type":"unresolved"}}]},{"type":"wire","targets":[{"name":"wiredFieldsToFetchFieldSet","adapter":{"name":"getFieldSetMember","reference":"@salesforce/apex/FieldsetsController.getFieldSetMember"},"type":"method","static":{},"params":{"objectName":"objectApiName","fieldSetName":"fieldSetName"}},{"name":"auxiliaireObject","adapter":{"name":"getObjectInfo","reference":"lightning/uiObjectInfoApi"},"type":"property","static":{"objectApiName":{"value":"@salesforce/schema/Opportunity","type":"module"}},"params":{}},{"name":"pickValues","adapter":{"name":"getPicklistValues","reference":"lightning/uiObjectInfoApi"},"type":"property","static":{"fieldApiName":{"value":"@salesforce/schema/Opportunity.Type","type":"module"}},"params":{"recordTypeId":"auxiliaireObject.data.defaultRecordTypeId"}}]}],"declarationLoc":{"start":{"line":7,"column":0},"end":{"line":53,"column":1}},"classMembers":[{"type":"property","name":"v","loc":{"start":{"line":9,"column":0},"end":{"line":9,"column":7}}},{"type":"property","name":"fieldSetName","loc":{"start":{"line":10,"column":4},"end":{"line":10,"column":22}},"decorator":"api","value":{"type":"unresolved"}},{"type":"property","name":"objectApiName","loc":{"start":{"line":11,"column":4},"end":{"line":11,"column":23}},"decorator":"api","value":{"type":"unresolved"}},{"type":"property","name":"fields","loc":{"start":{"line":12,"column":4},"end":{"line":12,"column":16}}},{"type":"method","name":"wiredFieldsToFetchFieldSet","loc":{"start":{"line":13,"column":4},"end":{"line":32,"column":5}},"decorator":"wire"},{"type":"property","name":"auxiliaireObject","loc":{"start":{"line":34,"column":4},"end":{"line":35,"column":21}},"decorator":"wire"},{"type":"property","name":"pickValues","loc":{"start":{"line":36,"column":4},"end":{"line":47,"column":16}},"decorator":"wire"},{"type":"method","name":"handleChange","loc":{"start":{"line":49,"column":5},"end":{"line":52,"column":6}}}],"exports":[{"type":"ExportDefaultDeclaration"}]},"updatedAt":"2021-08-05T14:55:42.780Z"}]