<?xml version="1.0" encoding="UTF-8"?>
<LightningComponentBundle xmlns="http://soap.sforce.com/2006/04/metadata">
    <apiVersion>50.0</apiVersion>
    <isExposed>true</isExposed>
    <targets>
        <target>lightning__AppPage</target>
        <target>lightning__RecordPage</target>
        <target>lightning__HomePage</target>
        <target>lightningCommunity__Page</target>
        <target>lightningCommunity__Default</target>
    </targets>

    <targetConfigs>
       <targetConfig targets="lightning__RecordPage">
            <property name="fieldSetName" type="String" label="Enter the Fieldset API Name" required="true"/>
            <property name="objectApiName" type="String" label="Enter the Object API Name" required="true"/>
       </targetConfig>
    </targetConfigs>
</LightningComponentBundle>